{"i":1000,"val_loss_history":[1.4219169825315],"val_loss_history_it":[1000],"forward_backward_times":{},"opt":{"max_epochs":50,"checkpoint_every":1000,"batch_size":50,"memory_benchmark":0,"init_from":"","grad_clip":5,"model_type":"lstm","lr_decay_every":5,"print_every":1,"wordvec_size":64,"seq_length":50,"input_json":"\/opt\/trumpgen\/training\/data\/trump.json","num_layers":2,"input_h5":"\/opt\/trumpgen\/training\/data\/trump.h5","reset_iterations":1,"rnn_size":128,"dropout":0,"checkpoint_name":"cv\/checkpoint","batchnorm":0,"learning_rate":0.002,"speed_benchmark":0,"gpu_backend":"cuda","lr_decay_factor":0.5,"gpu":-1},"train_loss_history":[4.5085411071777,4.3691740036011,4.1668882369995,3.8986473083496,3.6947102546692,3.5517749786377,3.4484121799469,3.3472712039948,3.2570359706879,3.2174561023712,3.2074704170227,3.1774621009827,3.1828584671021,3.1672165393829,3.2331144809723,3.1399097442627,3.1686761379242,3.1905307769775,3.1085565090179,3.1498494148254,3.1194880008698,3.1384365558624,3.1467831134796,3.1879856586456,3.1780459880829,3.2013564109802,3.1573302745819,3.2031514644623,3.149444103241,3.1896243095398,3.2805542945862,3.1083669662476,3.1445846557617,3.0880727767944,3.1153819561005,3.1525151729584,3.1036782264709,3.1143038272858,3.1397194862366,3.0866076946259,3.1071884632111,3.1073377132416,3.0841298103333,3.1044380664825,3.0724141597748,3.0550377368927,3.1384930610657,3.0853719711304,3.0197167396545,3.0600953102112,3.0834679603577,3.0362799167633,3.0305905342102,3.0182526111603,3.0061776638031,2.9750783443451,2.9963250160217,2.948716878891,2.998482465744,2.929610490799,2.9194345474243,2.9287478923798,2.908096075058,2.9141418933868,2.9168932437897,2.855411529541,2.8752586841583,2.86443400383,2.9243376255035,2.8040120601654,2.7862215042114,2.8020262718201,2.7733407020569,2.7532560825348,2.7726728916168,2.793954372406,2.7601363658905,2.750581741333,2.7871088981628,2.6755647659302,2.6812171936035,2.7373101711273,2.7436971664429,2.6893954277039,2.6348042488098,2.6676285266876,2.6806206703186,2.5964450836182,2.5958614349365,2.6819372177124,2.5675024986267,2.5969228744507,2.6110661029816,2.6035766601562,2.5725290775299,2.5672311782837,2.5288624763489,2.537202835083,2.5307190418243,2.4634428024292,2.4775359630585,2.4778249263763,2.4670782089233,2.519965171814,2.4878070354462,2.4716658592224,2.5036301612854,2.4960861206055,2.4203650951385,2.4330539703369,2.5153846740723,2.4875631332397,2.4694964885712,2.4221296310425,2.4452519416809,2.4577565193176,2.3975384235382,2.4212424755096,2.3848805427551,2.4360814094543,2.379723072052,2.3576459884644,2.4555180072784,2.3620989322662,2.4167404174805,2.4334506988525,2.4360773563385,2.4259314537048,2.3048684597015,2.367772102356,2.3387019634247,2.3482389450073,2.3203678131104,2.3219518661499,2.3446640968323,2.3487691879272,2.3334581851959,2.3240489959717,2.3175234794617,2.3245964050293,2.2833485603333,2.3269989490509,2.261462688446,2.3292188644409,2.3066487312317,2.2889671325684,2.2581441402435,2.2252657413483,2.3136825561523,2.217321395874,2.2786302566528,2.2090709209442,2.2850141525269,2.3360440731049,2.2211606502533,2.304557800293,2.3509817123413,2.2868967056274,2.3065149784088,2.2396328449249,2.2004885673523,2.2285149097443,2.2199494838715,2.2614502906799,2.1695144176483,2.2467906475067,2.1975719928741,2.276148557663,2.2230648994446,2.2937097549438,2.2499995231628,2.1652069091797,2.1975717544556,2.2036337852478,2.169184923172,2.144321680069,2.2489652633667,2.1546959877014,2.1510910987854,2.1427783966064,2.1692779064178,2.1306149959564,2.2021036148071,2.1667368412018,2.1711006164551,2.1561760902405,2.1508264541626,2.1987321376801,2.1891884803772,2.1320719718933,2.1085705757141,2.1283757686615,2.0746066570282,2.114086151123,2.1207296848297,2.1094536781311,2.0731120109558,2.075053691864,2.0361051559448,2.0604734420776,2.0619125366211,2.0133752822876,2.0879592895508,2.0480644702911,2.0941941738129,2.0511257648468,2.1155104637146,2.0769548416138,2.1497840881348,2.0739009380341,2.0558536052704,2.004007101059,2.0805871486664,2.0812821388245,2.0910394191742,2.0378315448761,2.0522577762604,2.0818622112274,2.0924005508423,2.0932805538177,2.0213294029236,2.0114345550537,2.0969851016998,2.0701668262482,2.018150806427,2.0885705947876,2.1302073001862,2.1581380367279,2.0284116268158,2.0373525619507,2.0643336772919,2.0700299739838,2.0155844688416,2.06591796875,2.0544192790985,2.0066709518433,1.9008810520172,2.0296277999878,1.9203636646271,2.0226407051086,2.0429041385651,1.9689745903015,2.0398678779602,1.9257243871689,1.974879860878,1.9716047048569,2.0073945522308,1.9614123106003,1.9168741703033,1.9907972812653,1.9209167957306,1.978421330452,1.9456224441528,1.9953716993332,1.9457622766495,1.9804490804672,2.0648174285889,2.0091283321381,1.9671462774277,2.0713031291962,2.0444257259369,1.9992730617523,2.0374088287354,2.0318465232849,2.037264585495,2.0015852451324,2.0108287334442,2.0387454032898,1.9541828632355,1.9588259458542,1.9754350185394,1.9177515506744,1.9289520978928,1.9585319757462,1.9479999542236,1.8880287408829,1.8682750463486,1.926780462265,1.8317062854767,1.908430814743,1.8684360980988,1.9032952785492,1.9162337779999,1.8898265361786,1.8717260360718,1.9164313077927,1.8271236419678,1.891316652298,1.8396198749542,1.9550894498825,1.8695554733276,1.9234447479248,1.9524494409561,1.9011968374252,1.8985500335693,1.8783053159714,1.8457169532776,1.888881444931,1.8469580411911,1.9006828069687,1.8567540645599,1.8710445165634,1.8466441631317,1.8317905664444,1.9228976964951,1.8911173343658,1.9269267320633,1.9275747537613,1.8825916051865,1.8410949707031,1.8652113676071,1.9129096269608,1.9165771007538,1.9685137271881,1.8683751821518,1.8932310342789,1.8488785028458,1.8243129253387,1.8259705305099,1.8552976846695,1.8413202762604,1.8434700965881,1.8242841959,1.8275587558746,1.7884744405746,1.8011502027512,1.9285326004028,1.9151256084442,1.8986078500748,1.8119224309921,1.8522719144821,1.8532574176788,1.801059961319,1.8472949266434,1.7716606855392,1.7872252464294,1.8008587360382,1.7901629209518,1.7833956480026,1.8244448900223,1.7448045015335,1.7783551216125,1.863060593605,1.8672746419907,1.819313287735,1.855097413063,1.8262634277344,1.8313477039337,1.8323081731796,1.8903095722198,1.9321511983871,1.7921912670135,1.8388115167618,1.7776135206223,1.824370265007,1.7732478380203,1.767853140831,1.7953397035599,1.7527587413788,1.8039003610611,1.7960306406021,1.8877145051956,1.7963404655457,1.8176898956299,1.8430378437042,1.8163622617722,1.8181240558624,1.8233367204666,1.7934821844101,1.8064754009247,1.8200808763504,1.8243011236191,1.8618150949478,1.8409738540649,1.8690332174301,1.8529441356659,1.8373609781265,1.7427726984024,1.8313460350037,1.7529455423355,1.7728446722031,1.7644214630127,1.754519701004,1.7625616788864,1.7284425497055,1.7493633031845,1.8275476694107,1.7684562206268,1.8026206493378,1.7479898929596,1.738537311554,1.7508082389832,1.6862128973007,1.7111324071884,1.7715029716492,1.7836478948593,1.7852407693863,1.7210775613785,1.7999869585037,1.7129536867142,1.7029935121536,1.7619421482086,1.8070254325867,1.7583298683167,1.6607216596603,1.7175431251526,1.7376782894135,1.6861146688461,1.7664057016373,1.814971446991,1.7361398935318,1.7450541257858,1.7567925453186,1.7269119024277,1.7284095287323,1.7249563932419,1.6884677410126,1.7240767478943,1.7479187250137,1.6062381267548,1.6916176080704,1.6744341850281,1.7168062925339,1.6846208572388,1.6883920431137,1.7232941389084,1.7174793481827,1.7582259178162,1.6503064632416,1.7102560997009,1.7704974412918,1.7314070463181,1.773487329483,1.6911293268204,1.7244064807892,1.7287724018097,1.7151463031769,1.7510142326355,1.6894760131836,1.750035405159,1.6950347423553,1.6670576334,1.7756335735321,1.6515161991119,1.7426849603653,1.7589032649994,1.7498644590378,1.7483706474304,1.6346354484558,1.7119905948639,1.6413803100586,1.6488250494003,1.6334465742111,1.6636443138123,1.7295175790787,1.7156804800034,1.7379031181335,1.7352902889252,1.6596019268036,1.6817562580109,1.7051199674606,1.7783784866333,